{
  "random_base": {
    "mean": [
      0.15644921185653146,
      0.15100102366746246,
      0.17356534377342867,
      0.18491915328603,
      0.16141924151127632,
      0.183139347033186,
      0.17542859605981218,
      0.191657697270931,
      0.1879376883471112,
      0.1970445337381984,
      0.18764423093015756,
      0.18798503244012862,
      0.20387051790989882,
      0.2219898472069052,
      0.2033366049142575,
      0.21305974738467484,
      0.21165667605599525,
      0.2176726718595742,
      0.2050447088662922,
      0.22048850990309,
      0.22057550746549157
    ],
    "std": [
      0.0034905568102512846,
      0.012754440185270674,
      0.01547844617318969,
      0.011644582941869474,
      0.012166417699389096,
      0.015029847552265465,
      0.013321478303916588,
      0.017378036318659574,
      0.003522638521297949,
      0.02526699318849155,
      0.009886047593908487,
      0.005084351440471689,
      0.011397547761724731,
      0.018664234841379482,
      0.009595436941254792,
      0.023177702507390766,
      0.009887068470676328,
      0.011638651044831583,
      0.02814481212990881,
      0.025788502978381325,
      0.002449844193091038
    ]
  },
  "entropy_base": {
    "mean": [
      0.15644921185653146,
      0.15101579932341594,
      0.14693419899496063,
      0.17833080755953798,
      0.16781141129574373,
      0.1840617724681246,
      0.1860220113794253,
      0.18200837349180501,
      0.18956952512109507,
      0.1897088117509819,
      0.1859054555021281,
      0.18925869343344737,
      0.181572508831965,
      0.1898025849551804,
      0.18906158455519004,
      0.19521485435837116,
      0.18033744091918594,
      0.19617171631079763,
      0.1944989252634357,
      0.20091087296321053,
      0.19139093117528272
    ],
    "std": [
      0.0034905568102512846,
      0.011900317573905474,
      0.006214173401171006,
      0.01044701226773669,
      0.015297198929419565,
      0.019593070338329986,
      0.011573599114674316,
      0.019834309399447143,
      0.0017747424384702234,
      0.03715692095644608,
      0.029629826136555824,
      0.029530549478630513,
      0.041179182664375244,
      0.023730062920057124,
      0.016814501278444745,
      0.01531072296585461,
      0.011865466599948605,
      0.024787118572992525,
      0.01849020105515039,
      0.026250708290430733,
      0.01644861536128203
    ]
  },
  "info_density_base": {
    "mean": [
      0.15644921185653146,
      0.15623590289400666,
      0.1216063851801517,
      0.14880966718573138,
      0.13059080324427755,
      0.15284939727158056,
      0.1355064224478898,
      0.14643305460482095,
      0.14472483108940368,
      0.14061316101765345,
      0.15516231303570407,
      0.14108777963217023,
      0.15654072761492277,
      0.16343808908186683,
      0.16449332771707045,
      0.18383570183777123,
      0.1849682660687909,
      0.15351990818147573,
      0.17903787660144976,
      0.17697121113023961,
      0.1702703992778094
    ],
    "std": [
      0.0034905568102512846,
      0.00874282017635898,
      0.014905843410697383,
      0.01694825070924266,
      0.008747392614814636,
      0.04492512863968362,
      0.0178179001742286,
      0.04260499900021289,
      0.01646482653715084,
      0.03709617165360092,
      0.048657788872800235,
      0.05168437186057858,
      0.04204226403791399,
      0.021639273741094252,
      0.06324090766478405,
      0.03268157723501732,
      0.03996851662702499,
      0.05432281209029115,
      0.05557545267001471,
      0.038199770949518666,
      0.015817632607497984
    ]
  },
  "random_SSL": {
    "mean": [
      0.6280207867336268,
      0.6267903134461076,
      0.634302616614534,
      0.6620490901226507,
      0.6498872354887801,
      0.6506106337214352,
      0.6370644059611382,
      0.6562211131660973,
      0.6680608377125511,
      0.6502390704714672,
      0.6539425460869479,
      0.6600325698625057,
      0.6507221767885903,
      0.6485950991441327,
      0.6810882736030938,
      0.647492528616861,
      0.678517018734615,
      0.6421482320532829,
      0.6753581183518066,
      0.6716475318818395,
      0.6647048306000513
    ],
    "std": [
      0.01593519490762646,
      0.028954075124255817,
      0.02236390761121847,
      0.009038656761291406,
      0.013628292694996047,
      0.005711145539546429,
      0.03697748447984659,
      0.011851791675140373,
      0.005855823654952864,
      0.010392611574192821,
      0.011755430709401455,
      0.008233516183016971,
      0.016531361957373706,
      0.01992410068830491,
      0.00671982289831784,
      0.02509316250341308,
      0.006108289990266745,
      0.022870428672991962,
      0.011867940386667155,
      0.02436887261896013,
      0.01838299273039662
    ]
  },
  "entropy_SSL": {
    "mean": [
      0.6280207867336268,
      0.6247894060684075,
      0.6320343302925399,
      0.6451893548042414,
      0.5989259246396895,
      0.6715230472650654,
      0.6235418248193693,
      0.621483060387266,
      0.6326942030412125,
      0.6501063121905052,
      0.6459774010775754,
      0.6611829996189282,
      0.6456557418953645,
      0.6295614065991603,
      0.6624924093368242,
      0.5897938749931175,
      0.6580118117312571,
      0.6677250379206332,
      0.6636423171201411,
      0.6716083555763218,
      0.6451874305512187
    ],
    "std": [
      0.01593519490762646,
      0.014844790593099181,
      0.0072706760019167396,
      0.015572740666395612,
      0.05303076824128915,
      0.012573048763481231,
      0.024222621941560055,
      0.036286945451297375,
      0.025649176603632272,
      0.03143154955699077,
      0.01559875523755578,
      0.012618995624226125,
      0.02726704914444963,
      0.027838939463321746,
      0.0037216089916760307,
      0.06215963473753581,
      0.014539195490476437,
      0.018081920854759622,
      0.01035391251363263,
      0.011695296209790207,
      0.04216596904252296
    ]
  },
  "info_density_SSL": {
    "mean": [
      0.6280207867336268,
      0.6210911096313189,
      0.6446413633974427,
      0.6493903054907583,
      0.6129796294782127,
      0.6417654262232034,
      0.6376426858224605,
      0.639976982180545,
      0.6281673668457785,
      0.6513912183724043,
      0.6447235937601479,
      0.6651121270491188,
      0.6475607571162751,
      0.6486343089184786,
      0.6473646073421128,
      0.6158622413409093,
      0.6743324794655904,
      0.6520092597603592,
      0.6548971856912638,
      0.671590214848572,
      0.5964176616384894
    ],
    "std": [
      0.01593519490762646,
      0.016243755747972856,
      0.004656546967974421,
      0.013822017526222623,
      0.030164099960177746,
      0.006795658067927226,
      0.018254543736496612,
      0.025835716504901657,
      0.021928788405823647,
      0.018108085431167077,
      0.013033060026562087,
      0.004066092305977113,
      0.03255146981348335,
      0.017094085554171766,
      0.03252976660639593,
      0.08524377639983298,
      0.008832406824892695,
      0.015383069756480653,
      0.013740891892730908,
      0.007244359345093799,
      0.0639638436236838
    ]
  }
}