{
  "random_base": {
    "mean": [
      0.1492021427764329,
      0.16990285265758553
    ],
    "std": [
      0.0,
      0.0
    ]
  },
  "entropy_base": {
    "mean": [
      0.1492021427764329,
      0.1786785620048152
    ],
    "std": [
      0.0,
      0.0
    ]
  },
  "info_density_base": {
    "mean": [
      0.1492021427764329,
      0.17445295594753424
    ],
    "std": [
      0.0,
      0.0
    ]
  },
  "random_SSL": {
    "mean": [
      0.6335591319495848,
      0.6394907066586455
    ],
    "std": [
      0.0,
      0.0
    ]
  },
  "entropy_SSL": {
    "mean": [
      0.6335591319495848,
      0.6364579987948068
    ],
    "std": [
      0.0,
      0.0
    ]
  },
  "info_density_SSL": {
    "mean": [
      0.6335591319495848,
      0.64361989692811
    ],
    "std": [
      0.0,
      0.0
    ]
  }
}